{
  "train": {
    "MAE": 16.974296077828907,
    "RMSE": 34.17854585798551,
    "R2": 0.9483136647919453
  },
  "test": {
    "MAE": 21.51252234249189,
    "RMSE": 43.52519914788894,
    "R2": 0.77806509391096
  }
}