{
  "train": {
    "calls": {
      "MAE": 17.324840606252415,
      "RMSE": 34.73713923851926,
      "R2": 0.9466103989397926
    },
    "tmo": {
      "MAE": 32.58947709585131,
      "RMSE": 51.58386815203889,
      "R2": 0.40970614174707076
    }
  },
  "test": {
    "calls": {
      "MAE": 21.165448174716992,
      "RMSE": 43.23623663219323,
      "R2": 0.781002150538415
    },
    "tmo": {
      "MAE": 37.570761413902815,
      "RMSE": 57.837087237633234,
      "R2": 0.06402522130106847
    }
  }
}