{
  "train": {
    "calls": {
      "MAE": 13.96101845216197,
      "RMSE": 35.8752098108344,
      "R2": 0.9245688335431399
    },
    "tmo": {
      "MAE": 34.32075494398459,
      "RMSE": 61.12559038147765,
      "R2": 0.1711296840052794
    }
  },
  "test": {
    "calls": {
      "MAE": 19.72057439537166,
      "RMSE": 41.98861135260815,
      "R2": 0.7934586060467743
    },
    "tmo": {
      "MAE": 37.84298866858576,
      "RMSE": 57.79161612085066,
      "R2": 0.06549635653220287
    }
  }
}
